<metadata xml:lang="en"><Esri><CreaDate>20151207</CreaDate><CreaTime>15354200</CreaTime><SyncOnce>FALSE</SyncOnce><SyncDate>20180125</SyncDate><SyncTime>16145500</SyncTime><ModDate>20180125</ModDate><ModTime>16145500</ModTime><Sync>FALSE</Sync><DataProperties><itemProps><itemLocation><linkage Sync="TRUE">file://\\files.pop.umn.edu\ipums\ipumsi\geography\ipumsi_dhs_workspace\shapefiles\integrated_shapefiles\new_shapefiles\geo_bf2003_2010.shp</linkage><protocol Sync="TRUE">Local Area Network</protocol></itemLocation><itemName Sync="TRUE">geo_bf2003_2010</itemName><imsContentType Sync="TRUE" export="False">002</imsContentType><itemSize Sync="TRUE">0.517</itemSize><nativeExtBox><westBL Sync="TRUE">-5.521112</westBL><eastBL Sync="TRUE">2.404293</eastBL><southBL Sync="TRUE">9.393889</southBL><northBL Sync="TRUE">15.085111</northBL><exTypeCode Sync="TRUE">1</exTypeCode></nativeExtBox></itemProps><coordRef><type Sync="TRUE">Geographic</type><geogcsn Sync="TRUE">GCS_WGS_1984</geogcsn><peXml Sync="TRUE">&lt;GeographicCoordinateSystem xsi:type='typens:GeographicCoordinateSystem' xmlns:xsi='http://www.w3.org/2001/XMLSchema-instance' xmlns:xs='http://www.w3.org/2001/XMLSchema' xmlns:typens='http://www.esri.com/schemas/ArcGIS/10.3'&gt;&lt;WKT&gt;GEOGCS[&amp;quot;GCS_WGS_1984&amp;quot;,DATUM[&amp;quot;D_WGS_1984&amp;quot;,SPHEROID[&amp;quot;WGS_1984&amp;quot;,6378137.0,298.257223563]],PRIMEM[&amp;quot;Greenwich&amp;quot;,0.0],UNIT[&amp;quot;Degree&amp;quot;,0.0174532925199433],AUTHORITY[&amp;quot;EPSG&amp;quot;,4326]]&lt;/WKT&gt;&lt;XOrigin&gt;-400&lt;/XOrigin&gt;&lt;YOrigin&gt;-400&lt;/YOrigin&gt;&lt;XYScale&gt;11258999068426.238&lt;/XYScale&gt;&lt;ZOrigin&gt;-100000&lt;/ZOrigin&gt;&lt;ZScale&gt;10000&lt;/ZScale&gt;&lt;MOrigin&gt;-100000&lt;/MOrigin&gt;&lt;MScale&gt;10000&lt;/MScale&gt;&lt;XYTolerance&gt;8.983152841195215e-009&lt;/XYTolerance&gt;&lt;ZTolerance&gt;0.001&lt;/ZTolerance&gt;&lt;MTolerance&gt;0.001&lt;/MTolerance&gt;&lt;HighPrecision&gt;true&lt;/HighPrecision&gt;&lt;LeftLongitude&gt;-180&lt;/LeftLongitude&gt;&lt;WKID&gt;4326&lt;/WKID&gt;&lt;LatestWKID&gt;4326&lt;/LatestWKID&gt;&lt;/GeographicCoordinateSystem&gt;</peXml><csUnits Sync="TRUE">Angular Unit: Degree (0.017453)</csUnits></coordRef><copyHistory><copy date="20151207" dest="\\thalia.socsci.umn.edu\ipums\ipumsi\projects\gis\_dhsTemp\IDHS2015\shapefiles\DHS_ESRItemplate" source="Z:\ipumsi\projects\gis\_dhsTemp\IDHS2015\2015shapefiles\DHS_ESRItemplate" time="15354200"/></copyHistory></DataProperties><ArcGISFormat>1.0</ArcGISFormat><ArcGISstyle>North American Profile of ISO19115 2003</ArcGISstyle><scaleRange><minScale>150000000</minScale><maxScale>5000</maxScale></scaleRange><ArcGISProfile>FGDC</ArcGISProfile></Esri><spdoinfo><direct Sync="TRUE">Vector</direct><ptvctinf><esriterm Name="geo_bf2003_2010"><efeatyp Sync="TRUE">Simple</efeatyp><efeageom code="4" Sync="TRUE"></efeageom><esritopo Sync="TRUE">FALSE</esritopo><efeacnt Sync="TRUE">13</efeacnt><spindex Sync="TRUE">FALSE</spindex><linrefer Sync="TRUE">FALSE</linrefer></esriterm></ptvctinf></spdoinfo><eainfo><detailed Name="geo_bf2003_2010"><enttyp><enttypl Sync="TRUE">geo_bf2003_2010</enttypl><enttypt Sync="TRUE">Feature Class</enttypt><enttypc Sync="TRUE">13</enttypc><enttypd>The polygons represent the boundaries for Demographic and Health Survey (DHS) Regions (equivalent to regions) of Burkina faso for the sample years 2003, 2010</enttypd><enttypds>Spatial Data Repository (http://spatialdata.dhsprogram.com/)</enttypds></enttyp><attr><attrlabl Sync="TRUE">FID</attrlabl><attalias Sync="TRUE">FID</attalias><attrtype Sync="TRUE">OID</attrtype><attwidth Sync="TRUE">4</attwidth><atprecis Sync="TRUE">0</atprecis><attscale Sync="TRUE">0</attscale><attrdef Sync="TRUE">Internal feature number.</attrdef><attrdefs Sync="TRUE">Esri</attrdefs><attrdomv><udom Sync="TRUE">Sequential unique whole numbers that are automatically generated.</udom></attrdomv></attr><attr><attrlabl Sync="TRUE">Shape</attrlabl><attalias Sync="TRUE">Shape</attalias><attrtype Sync="TRUE">Geometry</attrtype><attwidth Sync="TRUE">0</attwidth><atprecis Sync="TRUE">0</atprecis><attscale Sync="TRUE">0</attscale><attrdef Sync="TRUE">Feature geometry.</attrdef><attrdefs Sync="TRUE">Esri</attrdefs><attrdomv><udom Sync="TRUE">Coordinates defining the features.</udom></attrdomv></attr><attr><attrlabl Sync="TRUE">CNTRY_NAME</attrlabl><attalias Sync="TRUE">CNTRY_NAME</attalias><attrtype Sync="TRUE">String</attrtype><attwidth Sync="TRUE">50</attwidth><atprecis Sync="TRUE">0</atprecis><attscale Sync="TRUE">0</attscale></attr><attr><attrlabl Sync="TRUE">ADMIN_NAME</attrlabl><attalias Sync="TRUE">ADMIN_NAME</attalias><attrtype Sync="TRUE">String</attrtype><attwidth Sync="TRUE">250</attwidth><atprecis Sync="TRUE">0</atprecis><attscale Sync="TRUE">0</attscale></attr><attr><attrlabl Sync="TRUE">DHSCODE</attrlabl><attalias Sync="TRUE">DHSCODE</attalias><attrtype Sync="TRUE">SmallInteger</attrtype><attwidth Sync="TRUE">5</attwidth><atprecis Sync="TRUE">5</atprecis><attscale Sync="TRUE">0</attscale></attr></detailed></eainfo><mdDateSt Sync="TRUE">20180125</mdDateSt><dataIdInfo><envirDesc Sync="TRUE">Microsoft Windows 7 Version 6.1 (Build 7601) Service Pack 1; Esri ArcGIS 10.3.1.4959</envirDesc><dataLang><languageCode Sync="TRUE" country="USA" value="eng"/><countryCode Sync="TRUE" value="USA"/></dataLang><idCitation><resTitle Sync="TRUE">geo_bf2003_2010</resTitle><resRefDate><refDate>20040307</refDate><refDateType><DateTypCd value="001"/></refDateType></resRefDate><citRespParty><rpIndName>Integrated Demographic and Health Series (IDHS)</rpIndName><rpOrgName>Minnesota Population Center</rpOrgName><role><RoleCd value="007"/></role><rpCntInfo><cntAddress addressType="both"><delPoint>Minnesota Population Center, 50 Willey Hall, 225 - 19th Avenue South</delPoint><city>Minneapolis</city><adminArea>Minnesota</adminArea><postCode>55455</postCode><eMailAdd>ipums@umn.edu</eMailAdd><country>US</country></cntAddress><cntPhone><voiceNum tddtty="">612-624-5818</voiceNum><faxNum>612-626-8375</faxNum></cntPhone><cntOnlineRes><linkage>http://idhsdata.org/idhs/gis.shtml</linkage><orFunct><OnFunctCd value="001"/></orFunct></cntOnlineRes></rpCntInfo></citRespParty><resRefDate><refDate>20061001</refDate><refDateType><DateTypCd value="002"/></refDateType></resRefDate><presForm><PresFormCd value="005"/></presForm><otherCitDet>Citation: Minnesota Population Center, ICF International, and partner countries. Integrated Demographic and Health Surveys: Version 1.0. available at http://idhsdata.org.  For citations of individual countries, refer to "How to Cite IDHS" in http://idhsdata.org</otherCitDet><date><createDate>2013-07-24T00:00:00</createDate><pubDate>2013-07-24T00:00:00</pubDate><reviseDate>2013-07-24T00:00:00</reviseDate></date></idCitation><spatRpType><SpatRepTypCd Sync="TRUE" value="001"/></spatRpType><geoBox esriExtentType="decdegrees"><westBL Sync="TRUE">-180</westBL><eastBL Sync="TRUE">180</eastBL><northBL Sync="TRUE">83.6236</northBL><southBL Sync="TRUE">-90</southBL><exTypeCode Sync="TRUE">1</exTypeCode></geoBox><idAbs>&lt;DIV STYLE="text-align:Left;"&gt;&lt;DIV&gt;&lt;DIV&gt;&lt;P&gt;&lt;SPAN&gt;Demographic and Health Survey (DHS) Regions of Burkina faso. Regions are geographic variables, V101 from the Demographic and Health Survey (DHS) data. &lt;/SPAN&gt;&lt;/P&gt;&lt;/DIV&gt;&lt;/DIV&gt;&lt;/DIV&gt;</idAbs><resConst><Consts><useLimit>&lt;DIV STYLE="text-align:Left;"&gt;&lt;DIV&gt;&lt;DIV&gt;&lt;P&gt;&lt;SPAN&gt;GIS boundaries from the Integrated Demographic and Health Survey (IDHS) data are intended for visual representation and statistical analysis. The boundaries do not necessarily reflect exact political delineations.&lt;/SPAN&gt;&lt;/P&gt;&lt;/DIV&gt;&lt;/DIV&gt;&lt;/DIV&gt;</useLimit></Consts><LegConsts><useLimit>Authorization to use Integrated Demographic and Health Survey (IDHS) data constitutes a legal binding agreement between the applicant, the applicant's institution, the University of Minnesota, and the relevant official statistical authorities. Submitting false, misleading or fraudulent information constitutes a violation of this agreement. Misusing the data by violating any of the conditions detailed below also constitutes a violation of this agreement.</useLimit><accessConsts><RestrictCd value="005"/></accessConsts><useConsts><RestrictCd value="005"/></useConsts><othConsts>USAGE LICENCE:
1. User agrees to receive occasional email messages.
2. Data must not be redistributed without authorization.
3. Data are intended only for scholarly research and educational purposes.
4. Commercial use and redistribution of the data is strictly prohibited.
5. Scholarly publications are permitted, and must be cited appropriately.
6. User agrees to notify ipums@umn.edu regarding possible errors in the map.</othConsts></LegConsts></resConst><resMaint><maintFreq><MaintFreqCd value="009"/></maintFreq><maintScp><ScopeCd value="001"/></maintScp><maintScp><ScopeCd value="009"/></maintScp></resMaint><idPurp>Demographic and Health Survey (DHS) Regions (equivalent to regions)  of Burkina faso for 2003, 2010</idPurp><idCredit>Funding provided by National Institute of Child Health and Human Development (NICHD)</idCredit><idStatus><ProgCd value="001"/></idStatus><dataExt><geoEle><GeoBndBox esriExtentType="search"><westBL Sync="TRUE">-5.521112</westBL><eastBL Sync="TRUE">2.404293</eastBL><northBL Sync="TRUE">15.085111</northBL><southBL Sync="TRUE">9.393889</southBL><exTypeCode Sync="TRUE">1</exTypeCode></GeoBndBox></geoEle><exDesc>Geographic extent: Burkina faso</exDesc></dataExt><themeKeys><thesaLang><languageCode value="eng"/></thesaLang><thesaName><resAltTitle>GCMD</resAltTitle><resEd>6.0.0.0.0</resEd></thesaName><keyword>Human Dimensions &gt; Boundaries &gt; Administrative Divisions</keyword></themeKeys><dataChar><CharSetCd value="004"/></dataChar><dataExt><exDesc>Regions (equivalent to regions)  for Burkina faso in sample years 2003, 2010</exDesc></dataExt><placeKeys><keyword>Burkina faso</keyword></placeKeys><idPoC><rpIndName>Integrated Demographic and Health Series (IDHS)</rpIndName><rpOrgName>Minnesota Population Center</rpOrgName><role><RoleCd value="007"/></role><rpCntInfo><cntAddress addressType="both"><delPoint>Minnesota Population Center, 50 Willey Hall, 225 - 19th Avenue South</delPoint><city>Minneapolis</city><adminArea>Minnesota</adminArea><postCode>55455</postCode><eMailAdd>ipums@umn.edu</eMailAdd><country>US</country></cntAddress><cntPhone><voiceNum tddtty="">612-624-5818</voiceNum><faxNum>612-626-8375</faxNum></cntPhone><cntOnlineRes><linkage>http://idhsdata.org/idhs/gis.shtml</linkage><orFunct><OnFunctCd value="001"/></orFunct></cntOnlineRes></rpCntInfo><displayName>Terra Populus</displayName></idPoC><tpCat><TopicCatCd value="003"/></tpCat></dataIdInfo><mdLang><languageCode Sync="TRUE" value="eng"/><countryCode Sync="TRUE" value="USA"/></mdLang><mdStanName Sync="TRUE">ISO 19115 Geographic Information - Metadata</mdStanName><mdStanVer Sync="TRUE">DIS_ESRI1.0</mdStanVer><mdChar><CharSetCd Sync="TRUE" value="004"/></mdChar><dqInfo><dqScope><scpLvl><ScopeCd value="005"/></scpLvl></dqScope><dataLineage><statement>Boundaries of Regions, defined by the Integrated Demographic and Health Survey (IDHS), were digitized from LSIB (Large Scale International Boundaries). LSIB reflects U.S. government (USG) policy and has no known errors in boundary location of over 4 km. Original source boundaries were aligned with boundaries obtained from the Spatial Data Repository (http://spatialdata.dhsprogram.com/).  Boundaries were adjusted as necessary to align with codes present in IDHS microdata. </statement></dataLineage></dqInfo><mdFileID Sync="TRUE"/><mdMaint><maintFreq><MaintFreqCd value="009"/></maintFreq><maintScp><ScopeCd value="005"/></maintScp></mdMaint><mdHrLv><ScopeCd value="005"/></mdHrLv><mdHrLvName Sync="TRUE">dataset</mdHrLvName><refSysInfo><RefSystem dimension=""><refSysID><identCode code="4326"/><idCodeSpace Sync="TRUE">EPSG</idCodeSpace><idVersion Sync="TRUE">8.6.2</idVersion></refSysID></RefSystem></refSysInfo><spatRepInfo><VectSpatRep><geometObjs Name="geo_bf2003_2010"><geoObjTyp><GeoObjTypCd value="002" Sync="TRUE"></GeoObjTypCd></geoObjTyp><geoObjCnt Sync="TRUE">13</geoObjCnt></geometObjs><topLvl><TopoLevCd value="001" Sync="TRUE"></TopoLevCd></topLvl></VectSpatRep></spatRepInfo><distInfo><distFormat><formatName Sync="TRUE">Shapefile</formatName><formatVer>1.0</formatVer></distFormat><distTranOps><transSize Sync="TRUE">0.517</transSize></distTranOps></distInfo><mdContact><rpIndName>Integrated Demographic and Health Series (IDHS)</rpIndName><rpOrgName>Minnesota Population Center</rpOrgName><role><RoleCd value="007"/></role><rpCntInfo><cntAddress addressType="both"><delPoint>Minnesota Population Center, 50 Willey Hall, 225 - 19th Avenue South</delPoint><city>Minneapolis</city><adminArea>Minnesota</adminArea><postCode>55455</postCode><eMailAdd>ipums@umn.edu</eMailAdd><country>US</country></cntAddress><cntPhone><voiceNum tddtty="">612-624-5818</voiceNum><faxNum>612-626-8375</faxNum></cntPhone><cntOnlineRes><linkage>http://idhsdata.org/idhs/gis.shtml</linkage><orFunct><OnFunctCd value="001"/></orFunct></cntOnlineRes></rpCntInfo><displayName>Terra Populus</displayName></mdContact></metadata>
